Comment,Designator,Footprint,LCSC,Quantity
100nF,"C10,C2,C3,C4,C5,C6",C_0603_1608Metric,C282519,6
10k,R1,R_0603_1608Metric,C2930027,1
10uF,C7,C_0603_1608Metric,C19702,1
1uF,"C8,C9",C_0603_1608Metric,C1592,2
D_Small,"D1,D10,D11,D12,D13,D14,D15,D16,D17,D18,D19,D2,D20,D21,D22,D23,D24,D25,D26,D27,D28,D29,D3,D30,D31,D32,D33,D34,D35,D36,D37,D38,D39,D4,D40,D41,D42,D43,D44,D45,D46,D47,D48,D5,D6,D7,D8,D9",D_0603_1608Metric,C30584800,48
SKQGAFE010,"SW1,SW2",SW4_SKQGAFE010_ALPS,C202424,2
SM04B-SRSS-TB_LF__SN_,J2,JST-SR-4,C51940130,1
STM32F072CBT6,U1,LQFP-48_7x7mm_P0.5mm,C81720,1
USBLC6-2SC6,U4,SOT-23-6,C2687116,1
XC6206PxxxMR,U3,SOT-23-3,C5446,1
