Designator,Val,Package,Mid X,Mid Y,Rotation,Layer
C10,100nF,C_0603_1608Metric,114.6452,-109.9107,90.0,bottom
C2,100nF,C_0603_1608Metric,151.37,-110.125,0.0,bottom
C3,100nF,C_0603_1608Metric,148.61,-100.235,0.0,bottom
C4,100nF,C_0603_1608Metric,158.61,-99.645,180.0,bottom
C5,100nF,C_0603_1608Metric,159.99,-108.895,270.0,bottom
C6,100nF,C_0603_1608Metric,158.46,-108.895,270.0,bottom
C7,10uF,C_0603_1608Metric,127.0975,-62.925,180.0,bottom
C8,1uF,C_0603_1608Metric,127.0975,-64.455,180.0,bottom
C9,1uF,C_0603_1608Metric,131.1275,-59.205,0.0,bottom
D1,D_Small,D_0603_1608Metric,36.0,-33.75,270.0,bottom
D10,D_Small,D_0603_1608Metric,81.0,-51.75,270.0,bottom
D11,D_Small,D_0603_1608Metric,99.0,-51.75,270.0,bottom
D12,D_Small,D_0603_1608Metric,117.0,-51.75,270.0,bottom
D13,D_Small,D_0603_1608Metric,135.0,-51.75,270.0,bottom
D14,D_Small,D_0603_1608Metric,153.0,-51.75,270.0,bottom
D15,D_Small,D_0603_1608Metric,171.0,-51.75,270.0,bottom
D16,D_Small,D_0603_1608Metric,189.0,-51.75,270.0,bottom
D17,D_Small,D_0603_1608Metric,207.0,-51.75,270.0,bottom
D18,D_Small,D_0603_1608Metric,225.0,-51.75,270.0,bottom
D19,D_Small,D_0603_1608Metric,29.25,-69.75,270.0,bottom
D2,D_Small,D_0603_1608Metric,54.0,-33.75,270.0,bottom
D20,D_Small,D_0603_1608Metric,49.5,-69.75,270.0,bottom
D21,D_Small,D_0603_1608Metric,67.5,-69.75,270.0,bottom
D22,D_Small,D_0603_1608Metric,85.5,-69.75,270.0,bottom
D23,D_Small,D_0603_1608Metric,103.5,-69.75,270.0,bottom
D24,D_Small,D_0603_1608Metric,121.5,-69.75,270.0,bottom
D25,D_Small,D_0603_1608Metric,139.5,-69.75,270.0,bottom
D26,D_Small,D_0603_1608Metric,157.5,-69.75,270.0,bottom
D27,D_Small,D_0603_1608Metric,175.5,-69.75,270.0,bottom
D28,D_Small,D_0603_1608Metric,193.5,-69.75,270.0,bottom
D29,D_Small,D_0603_1608Metric,218.25,-69.75,270.0,bottom
D3,D_Small,D_0603_1608Metric,72.0,-33.75,270.0,bottom
D30,D_Small,D_0603_1608Metric,33.75,-87.75,270.0,bottom
D31,D_Small,D_0603_1608Metric,58.5,-87.75,270.0,bottom
D32,D_Small,D_0603_1608Metric,76.5,-87.75,270.0,bottom
D33,D_Small,D_0603_1608Metric,94.5,-87.75,270.0,bottom
D34,D_Small,D_0603_1608Metric,112.5,-87.75,270.0,bottom
D35,D_Small,D_0603_1608Metric,130.5,-87.75,270.0,bottom
D36,D_Small,D_0603_1608Metric,148.5,-87.75,270.0,bottom
D37,D_Small,D_0603_1608Metric,166.5,-87.75,270.0,bottom
D38,D_Small,D_0603_1608Metric,184.5,-87.75,270.0,bottom
D39,D_Small,D_0603_1608Metric,202.5,-87.75,270.0,bottom
D4,D_Small,D_0603_1608Metric,90.0,-33.75,270.0,bottom
D40,D_Small,D_0603_1608Metric,222.75,-87.75,270.0,bottom
D41,D_Small,D_0603_1608Metric,27.0,-105.75,270.0,bottom
D42,D_Small,D_0603_1608Metric,45.0,-105.75,270.0,bottom
D43,D_Small,D_0603_1608Metric,63.0,-105.75,270.0,bottom
D44,D_Small,D_0603_1608Metric,81.0,-105.75,270.0,bottom
D45,D_Small,D_0603_1608Metric,135.0,-105.75,270.0,bottom
D46,D_Small,D_0603_1608Metric,189.0,-105.75,270.0,bottom
D47,D_Small,D_0603_1608Metric,207.0,-105.75,270.0,bottom
D48,D_Small,D_0603_1608Metric,225.0,-105.75,270.0,bottom
D5,D_Small,D_0603_1608Metric,108.0,-33.75,270.0,bottom
D6,D_Small,D_0603_1608Metric,126.0,-33.75,270.0,bottom
D7,D_Small,D_0603_1608Metric,27.0,-51.75,270.0,bottom
D8,D_Small,D_0603_1608Metric,45.0,-51.75,270.0,bottom
D9,D_Small,D_0603_1608Metric,63.0,-51.75,270.0,bottom
J2,SM04B-SRSS-TB_LF__SN_,JST-SR-4,122.1225,-56.895,90.0,bottom
R1,10k,R_0603_1608Metric,103.9298,-109.9007,90.0,bottom
SW1,SKQGAFE010,SW4_SKQGAFE010_ALPS,109.5352,-108.4807,0.0,bottom
SW2,SKQGAFE010,SW4_SKQGAFE010_ALPS,98.8198,-108.4807,0.0,bottom
U1,STM32F072CBT6,LQFP-48_7x7mm_P0.5mm,153.91,-104.185,90.0,bottom
U3,XC6206PxxxMR,SOT-23-3,127.5275,-60.425,180.0,bottom
U4,USBLC6-2SC6,SOT-23-6,128.3275,-56.905,0.0,bottom
